[{"model": "auth.user", "pk": 1, "fields": {"password": "pbkdf2_sha256$120000$pX7VwxK5rliN$3qNG6yk7KbLYhItSpxqgLkrkJkpMevdXORueA3APHCU=", "last_login": "2018-08-12T21:52:33.372Z", "is_superuser": true, "username": "admin", "first_name": "", "last_name": "", "email": "mbdevaney@gmail.com", "is_staff": true, "is_active": true, "date_joined": "2018-08-12T21:52:29.494Z", "groups": [], "user_permissions": []}}, {"model": "sessions.session", "pk": "wo96zblw3cpas02sm504bftmmjpmdzqc", "fields": {"session_data": "ODM3YTEwMjBjNDYxM2UwYWIwNTExOTA3YWZmNDM5ZTQ0MDcwZDQ5ZTp7Il9hdXRoX3VzZXJfaWQiOiIxIiwiX2F1dGhfdXNlcl9iYWNrZW5kIjoiZGphbmdvLmNvbnRyaWIuYXV0aC5iYWNrZW5kcy5Nb2RlbEJhY2tlbmQiLCJfYXV0aF91c2VyX2hhc2giOiIwMTQ5OWY3YmFkZjc2YzAyZDE5Yjk3MzA4NTYzZjM2NjQxY2JhOWNiIn0=", "expire_date": "2018-08-26T21:52:33.382Z"}}, {"model": "trainerapp.attendee", "pk": 1, "fields": {"event": 1, "student": 14, "attended": true}}, {"model": "trainerapp.attendee", "pk": 2, "fields": {"event": 1, "student": 13, "attended": true}}, {"model": "trainerapp.attendee", "pk": 3, "fields": {"event": 1, "student": 22, "attended": true}}, {"model": "trainerapp.attendee", "pk": 4, "fields": {"event": 2, "student": 27, "attended": true}}, {"model": "trainerapp.attendee", "pk": 5, "fields": {"event": 2, "student": 31, "attended": true}}, {"model": "trainerapp.attendee", "pk": 6, "fields": {"event": 2, "student": 32, "attended": true}}, {"model": "trainerapp.attendee", "pk": 7, "fields": {"event": 3, "student": 1, "attended": true}}, {"model": "trainerapp.attendee", "pk": 8, "fields": {"event": 3, "student": 21, "attended": true}}, {"model": "trainerapp.attendee", "pk": 9, "fields": {"event": 3, "student": 33, "attended": true}}, {"model": "trainerapp.attendee", "pk": 10, "fields": {"event": 4, "student": 13, "attended": true}}, {"model": "trainerapp.attendee", "pk": 11, "fields": {"event": 4, "student": 14, "attended": true}}, {"model": "trainerapp.attendee", "pk": 12, "fields": {"event": 4, "student": 22, "attended": true}}, {"model": "trainerapp.attendee", "pk": 13, "fields": {"event": 4, "student": 28, "attended": true}}, {"model": "trainerapp.attendee", "pk": 14, "fields": {"event": 5, "student": 1, "attended": true}}, {"model": "trainerapp.attendee", "pk": 15, "fields": {"event": 5, "student": 21, "attended": true}}, {"model": "trainerapp.attendee", "pk": 16, "fields": {"event": 5, "student": 27, "attended": true}}, {"model": "trainerapp.attendee", "pk": 17, "fields": {"event": 5, "student": 33, "attended": true}}, {"model": "trainerapp.attendee", "pk": 18, "fields": {"event": 6, "student": 3, "attended": true}}, {"model": "trainerapp.attendee", "pk": 19, "fields": {"event": 7, "student": 4, "attended": true}}, {"model": "trainerapp.attendee", "pk": 20, "fields": {"event": 7, "student": 12, "attended": true}}, {"model": "trainerapp.attendee", "pk": 21, "fields": {"event": 7, "student": 15, "attended": true}}, {"model": "trainerapp.attendee", "pk": 22, "fields": {"event": 7, "student": 23, "attended": true}}, {"model": "trainerapp.attendee", "pk": 23, "fields": {"event": 6, "student": 24, "attended": true}}, {"model": "trainerapp.attendee", "pk": 24, "fields": {"event": 6, "student": 25, "attended": true}}, {"model": "trainerapp.attendee", "pk": 25, "fields": {"event": 6, "student": 30, "attended": true}}, {"model": "trainerapp.attendee", "pk": 26, "fields": {"event": 8, "student": 4, "attended": true}}, {"model": "trainerapp.attendee", "pk": 27, "fields": {"event": 8, "student": 15, "attended": true}}, {"model": "trainerapp.attendee", "pk": 28, "fields": {"event": 8, "student": 23, "attended": true}}, {"model": "trainerapp.attendee", "pk": 29, "fields": {"event": 9, "student": 24, "attended": true}}, {"model": "trainerapp.attendee", "pk": 30, "fields": {"event": 9, "student": 25, "attended": true}}, {"model": "trainerapp.attendee", "pk": 31, "fields": {"event": 9, "student": 30, "attended": true}}, {"model": "trainerapp.attendee", "pk": 32, "fields": {"event": 10, "student": 2, "attended": true}}, {"model": "trainerapp.attendee", "pk": 33, "fields": {"event": 10, "student": 17, "attended": true}}, {"model": "trainerapp.attendee", "pk": 34, "fields": {"event": 10, "student": 20, "attended": true}}, {"model": "trainerapp.attendee", "pk": 35, "fields": {"event": 11, "student": 16, "attended": true}}, {"model": "trainerapp.attendee", "pk": 36, "fields": {"event": 11, "student": 17, "attended": true}}, {"model": "trainerapp.attendee", "pk": 37, "fields": {"event": 11, "student": 20, "attended": true}}, {"model": "trainerapp.attendee", "pk": 38, "fields": {"event": 12, "student": 3, "attended": true}}, {"model": "trainerapp.attendee", "pk": 39, "fields": {"event": 12, "student": 21, "attended": true}}, {"model": "trainerapp.attendee", "pk": 40, "fields": {"event": 13, "student": 7, "attended": true}}, {"model": "trainerapp.attendee", "pk": 41, "fields": {"event": 13, "student": 11, "attended": true}}, {"model": "trainerapp.attendee", "pk": 42, "fields": {"event": 13, "student": 16, "attended": true}}, {"model": "trainerapp.attendee", "pk": 43, "fields": {"event": 14, "student": 2, "attended": true}}, {"model": "trainerapp.attendee", "pk": 44, "fields": {"event": 14, "student": 7, "attended": true}}, {"model": "trainerapp.attendee", "pk": 45, "fields": {"event": 14, "student": 11, "attended": true}}, {"model": "trainerapp.attendee", "pk": 46, "fields": {"event": 15, "student": 8, "attended": true}}, {"model": "trainerapp.attendee", "pk": 47, "fields": {"event": 15, "student": 19, "attended": true}}, {"model": "trainerapp.attendee", "pk": 48, "fields": {"event": 15, "student": 26, "attended": true}}, {"model": "trainerapp.attendee", "pk": 49, "fields": {"event": 15, "student": 29, "attended": true}}, {"model": "trainerapp.attendee", "pk": 50, "fields": {"event": 16, "student": 5, "attended": true}}, {"model": "trainerapp.attendee", "pk": 51, "fields": {"event": 16, "student": 6, "attended": true}}, {"model": "trainerapp.attendee", "pk": 52, "fields": {"event": 16, "student": 9, "attended": true}}, {"model": "trainerapp.attendee", "pk": 53, "fields": {"event": 16, "student": 10, "attended": true}}, {"model": "trainerapp.attendee", "pk": 54, "fields": {"event": 17, "student": 6, "attended": true}}, {"model": "trainerapp.attendee", "pk": 55, "fields": {"event": 17, "student": 9, "attended": true}}, {"model": "trainerapp.attendee", "pk": 56, "fields": {"event": 17, "student": 10, "attended": true}}, {"model": "trainerapp.attendee", "pk": 57, "fields": {"event": 18, "student": 8, "attended": true}}, {"model": "trainerapp.attendee", "pk": 58, "fields": {"event": 18, "student": 19, "attended": true}}, {"model": "trainerapp.attendee", "pk": 59, "fields": {"event": 18, "student": 26, "attended": true}}, {"model": "trainerapp.attendee", "pk": 60, "fields": {"event": 18, "student": 29, "attended": true}}, {"model": "trainerapp.attendee", "pk": 61, "fields": {"event": 19, "student": 21, "attended": true}}, {"model": "trainerapp.attendee", "pk": 62, "fields": {"event": 19, "student": 33, "attended": true}}, {"model": "trainerapp.attendee", "pk": 63, "fields": {"event": 19, "student": 23, "attended": true}}, {"model": "trainerapp.attendee", "pk": 64, "fields": {"event": 20, "student": 13, "attended": true}}, {"model": "trainerapp.attendee", "pk": 65, "fields": {"event": 20, "student": 27, "attended": true}}, {"model": "trainerapp.attendee", "pk": 66, "fields": {"event": 20, "student": 22, "attended": true}}, {"model": "trainerapp.attendee", "pk": 67, "fields": {"event": 21, "student": 25, "attended": true}}, {"model": "trainerapp.attendee", "pk": 68, "fields": {"event": 21, "student": 17, "attended": true}}, {"model": "trainerapp.attendee", "pk": 69, "fields": {"event": 21, "student": 48, "attended": true}}, {"model": "trainerapp.attendee", "pk": 70, "fields": {"event": 22, "student": 8, "attended": true}}, {"model": "trainerapp.attendee", "pk": 71, "fields": {"event": 22, "student": 49, "attended": true}}, {"model": "trainerapp.attendee", "pk": 72, "fields": {"event": 22, "student": 28, "attended": true}}, {"model": "trainerapp.attendee", "pk": 73, "fields": {"event": 22, "student": 47, "attended": true}}, {"model": "trainerapp.attendee", "pk": 74, "fields": {"event": 23, "student": 6, "attended": true}}, {"model": "trainerapp.attendee", "pk": 75, "fields": {"event": 23, "student": 9, "attended": true}}, {"model": "trainerapp.attendee", "pk": 76, "fields": {"event": 23, "student": 26, "attended": true}}, {"model": "trainerapp.attendee", "pk": 77, "fields": {"event": 24, "student": 10, "attended": false}}, {"model": "trainerapp.attendee", "pk": 78, "fields": {"event": 24, "student": 42, "attended": false}}, {"model": "trainerapp.attendee", "pk": 79, "fields": {"event": 24, "student": 32, "attended": false}}, {"model": "trainerapp.attendee", "pk": 80, "fields": {"event": 24, "student": 34, "attended": false}}, {"model": "trainerapp.attendee", "pk": 81, "fields": {"event": 24, "student": 5, "attended": false}}, {"model": "trainerapp.attendee", "pk": 82, "fields": {"event": 25, "student": 7, "attended": false}}, {"model": "trainerapp.attendee", "pk": 83, "fields": {"event": 25, "student": 11, "attended": false}}, {"model": "trainerapp.attendee", "pk": 84, "fields": {"event": 25, "student": 1, "attended": false}}, {"model": "trainerapp.attendee", "pk": 85, "fields": {"event": 25, "student": 36, "attended": false}}, {"model": "trainerapp.attendee", "pk": 86, "fields": {"event": 25, "student": 35, "attended": false}}, {"model": "trainerapp.attendee", "pk": 87, "fields": {"event": 26, "student": 37, "attended": false}}, {"model": "trainerapp.attendee", "pk": 88, "fields": {"event": 26, "student": 38, "attended": false}}, {"model": "trainerapp.attendee", "pk": 89, "fields": {"event": 26, "student": 39, "attended": false}}, {"model": "trainerapp.attendee", "pk": 90, "fields": {"event": 26, "student": 40, "attended": false}}, {"model": "trainerapp.attendee", "pk": 91, "fields": {"event": 26, "student": 41, "attended": false}}, {"model": "trainerapp.attendee", "pk": 92, "fields": {"event": 27, "student": 37, "attended": false}}, {"model": "trainerapp.attendee", "pk": 93, "fields": {"event": 27, "student": 38, "attended": false}}, {"model": "trainerapp.attendee", "pk": 94, "fields": {"event": 27, "student": 40, "attended": false}}, {"model": "trainerapp.attendee", "pk": 95, "fields": {"event": 27, "student": 50, "attended": false}}, {"model": "trainerapp.attendee", "pk": 96, "fields": {"event": 27, "student": 42, "attended": false}}, {"model": "trainerapp.attendee", "pk": 97, "fields": {"event": 28, "student": 50, "attended": false}}, {"model": "trainerapp.attendee", "pk": 98, "fields": {"event": 28, "student": 43, "attended": false}}, {"model": "trainerapp.attendee", "pk": 99, "fields": {"event": 28, "student": 44, "attended": false}}, {"model": "trainerapp.attendee", "pk": 100, "fields": {"event": 28, "student": 45, "attended": false}}, {"model": "trainerapp.attendee", "pk": 101, "fields": {"event": 29, "student": 43, "attended": false}}, {"model": "trainerapp.attendee", "pk": 102, "fields": {"event": 29, "student": 44, "attended": false}}, {"model": "trainerapp.attendee", "pk": 103, "fields": {"event": 29, "student": 45, "attended": false}}, {"model": "trainerapp.attendee", "pk": 104, "fields": {"event": 29, "student": 39, "attended": false}}, {"model": "trainerapp.attendee", "pk": 105, "fields": {"event": 29, "student": 41, "attended": false}}, {"model": "trainerapp.attendee", "pk": 106, "fields": {"event": 30, "student": 48, "attended": false}}, {"model": "trainerapp.attendee", "pk": 107, "fields": {"event": 30, "student": 47, "attended": false}}, {"model": "trainerapp.attendee", "pk": 108, "fields": {"event": 30, "student": 46, "attended": false}}, {"model": "trainerapp.attendee", "pk": 109, "fields": {"event": 30, "student": 36, "attended": false}}, {"model": "trainerapp.attendee", "pk": 110, "fields": {"event": 31, "student": 46, "attended": false}}, {"model": "trainerapp.attendee", "pk": 111, "fields": {"event": 31, "student": 47, "attended": false}}, {"model": "trainerapp.attendee", "pk": 112, "fields": {"event": 31, "student": 48, "attended": false}}, {"model": "trainerapp.attendee", "pk": 113, "fields": {"event": 31, "student": 36, "attended": false}}, {"model": "trainerapp.course", "pk": 1, "fields": {"title": "Excel Essentials", "description": "Learn to perform the top 20% of essential Excel skills that you can put to use every-day and apply them to real-word scenarios.  Build well-designed 'flexible' worksheets that do the hard work for you.  Analyze results with formulas, filters and conditional formatting.  Increase your speed with hotkeys and other efficient techniques.", "hours": "2.5", "inactive": false}}, {"model": "trainerapp.course", "pk": 2, "fields": {"title": "Excel Lookups", "description": "Learn to create lookup formulas and apply them to real-world scenarios.  Handle errors and return default values.  Perform double-lookups on tables with 2 matching criteria.  Write a lookup formula that retrieves a value to the left.", "hours": "1.5", "inactive": false}}, {"model": "trainerapp.course", "pk": 3, "fields": {"title": "Excel Pivot Tables", "description": "Learn the advantages of using Pivot Tables in your everyday work.  Create pivot tables, pivot your data into the desired view and slice-and-dice it to get the answers you need.  Make your pivot tables interactive and visual with slicers and conditional formatting.  Understand how to build calculated fields.", "hours": "2.0", "inactive": false}}, {"model": "trainerapp.event", "pk": 1, "fields": {"course": 1, "start_datetime": "2018-03-28T14:00:00Z", "end_datetime": "2018-03-28T16:30:00Z", "location": "FWS Boardroom Cottonwood", "capacity": 4}}, {"model": "trainerapp.event", "pk": 2, "fields": {"course": 1, "start_datetime": "2018-03-28T18:00:00Z", "end_datetime": "2018-03-28T20:30:00Z", "location": "FWS Boardroom Cottonwood", "capacity": 4}}, {"model": "trainerapp.event", "pk": 3, "fields": {"course": 1, "start_datetime": "2018-03-29T18:00:00Z", "end_datetime": "2018-03-29T20:30:00Z", "location": "FWS Boardroom Cottonwood", "capacity": 4}}, {"model": "trainerapp.event", "pk": 4, "fields": {"course": 2, "start_datetime": "2018-04-05T18:00:00Z", "end_datetime": "2018-04-05T20:00:00Z", "location": "FWS Boardroom Cottonwood", "capacity": 4}}, {"model": "trainerapp.event", "pk": 5, "fields": {"course": 2, "start_datetime": "2018-04-11T14:00:00Z", "end_datetime": "2018-04-11T16:00:00Z", "location": "FWS Boardroom Cottonwood", "capacity": 4}}, {"model": "trainerapp.event", "pk": 6, "fields": {"course": 1, "start_datetime": "2018-04-19T14:00:00Z", "end_datetime": "2018-04-19T16:30:00Z", "location": "FWS Boardroom Cottonwood", "capacity": 4}}, {"model": "trainerapp.event", "pk": 7, "fields": {"course": 1, "start_datetime": "2018-04-19T18:00:00Z", "end_datetime": "2018-04-19T20:30:00Z", "location": "FWS Boardroom Cottonwood", "capacity": 4}}, {"model": "trainerapp.event", "pk": 8, "fields": {"course": 1, "start_datetime": "2018-04-26T14:00:00Z", "end_datetime": "2018-04-26T16:30:00Z", "location": "FWS Boardroom Cottonwood", "capacity": 4}}, {"model": "trainerapp.event", "pk": 9, "fields": {"course": 2, "start_datetime": "2018-04-26T18:00:00Z", "end_datetime": "2018-04-26T20:00:00Z", "location": "FWS Boardroom Cottonwood", "capacity": 4}}, {"model": "trainerapp.event", "pk": 10, "fields": {"course": 2, "start_datetime": "2018-05-02T14:00:00Z", "end_datetime": "2018-05-02T16:30:00Z", "location": "FWS Boardroom Cottonwood", "capacity": 4}}, {"model": "trainerapp.event", "pk": 11, "fields": {"course": 2, "start_datetime": "2018-05-09T14:00:00Z", "end_datetime": "2018-05-09T16:30:00Z", "location": "FWS Boardroom Cottonwood", "capacity": 4}}, {"model": "trainerapp.event", "pk": 12, "fields": {"course": 2, "start_datetime": "2018-05-24T18:00:00Z", "end_datetime": "2018-05-24T20:00:00Z", "location": "FWS Boardroom Cottonwood", "capacity": 4}}, {"model": "trainerapp.event", "pk": 13, "fields": {"course": 1, "start_datetime": "2018-06-06T14:00:00Z", "end_datetime": "2018-06-06T16:30:00Z", "location": "FWS Boardroom Cottonwood", "capacity": 4}}, {"model": "trainerapp.event", "pk": 14, "fields": {"course": 2, "start_datetime": "2018-06-13T14:00:00Z", "end_datetime": "2018-06-13T16:30:00Z", "location": "FWS Boardroom Cottonwood", "capacity": 4}}, {"model": "trainerapp.event", "pk": 15, "fields": {"course": 1, "start_datetime": "2018-06-19T18:00:00Z", "end_datetime": "2018-06-19T20:30:00Z", "location": "FWS Boardroom Cottonwood", "capacity": 4}}, {"model": "trainerapp.event", "pk": 16, "fields": {"course": 1, "start_datetime": "2018-06-20T14:00:00Z", "end_datetime": "2018-06-20T16:30:00Z", "location": "FWS Boardroom Tamarack", "capacity": 5}}, {"model": "trainerapp.event", "pk": 17, "fields": {"course": 2, "start_datetime": "2018-06-27T14:00:00Z", "end_datetime": "2018-06-27T16:30:00Z", "location": "FWS Boardroom Tamarack", "capacity": 5}}, {"model": "trainerapp.event", "pk": 18, "fields": {"course": 2, "start_datetime": "2018-06-28T18:00:00Z", "end_datetime": "2018-06-28T20:30:00Z", "location": "FWS Boardroom Tamarack", "capacity": 5}}, {"model": "trainerapp.event", "pk": 19, "fields": {"course": 3, "start_datetime": "2018-07-12T18:00:00Z", "end_datetime": "2018-07-12T20:00:00Z", "location": "FWS Boardroon Cottonwood", "capacity": 4}}, {"model": "trainerapp.event", "pk": 20, "fields": {"course": 3, "start_datetime": "2018-07-18T14:00:00Z", "end_datetime": "2018-07-18T16:00:00Z", "location": "FWS Boardroon Tamarack", "capacity": 5}}, {"model": "trainerapp.event", "pk": 21, "fields": {"course": 3, "start_datetime": "2018-07-25T18:00:00Z", "end_datetime": "2018-07-25T20:00:00Z", "location": "FWS Boardroon Tamarack", "capacity": 5}}, {"model": "trainerapp.event", "pk": 22, "fields": {"course": 3, "start_datetime": "2018-08-01T14:00:00Z", "end_datetime": "2018-08-01T16:00:00Z", "location": "FWS Boardroon Cottonwood", "capacity": 4}}, {"model": "trainerapp.event", "pk": 23, "fields": {"course": 3, "start_datetime": "2018-08-10T18:00:00Z", "end_datetime": "2018-08-10T20:00:00Z", "location": "FWS Boardroom Tamarack", "capacity": 5}}, {"model": "trainerapp.event", "pk": 24, "fields": {"course": 3, "start_datetime": "2018-08-14T14:30:00Z", "end_datetime": "2018-08-14T16:30:00Z", "location": "FWS Boardroon Tamarack", "capacity": 5}}, {"model": "trainerapp.event", "pk": 25, "fields": {"course": 3, "start_datetime": "2018-08-15T14:00:00Z", "end_datetime": "2018-08-15T16:00:00Z", "location": "FWS Boardroom Cottonwood", "capacity": 5}}, {"model": "trainerapp.event", "pk": 26, "fields": {"course": 1, "start_datetime": "2018-08-22T14:00:00Z", "end_datetime": "2018-08-22T16:30:00Z", "location": "FWS Boardroom Tamarack", "capacity": 5}}, {"model": "trainerapp.event", "pk": 27, "fields": {"course": 2, "start_datetime": "2018-08-29T14:00:00Z", "end_datetime": "2018-08-29T15:30:00Z", "location": "FWS Boardroom Tamarack", "capacity": 5}}, {"model": "trainerapp.event", "pk": 28, "fields": {"course": 1, "start_datetime": "2018-09-05T14:00:00Z", "end_datetime": "2018-09-05T16:30:00Z", "location": "FWS Boardroom Tamarack", "capacity": 5}}, {"model": "trainerapp.event", "pk": 29, "fields": {"course": 2, "start_datetime": "2018-09-12T14:00:00Z", "end_datetime": "2018-09-12T15:30:00Z", "location": "FWS Boardroom Tamarack", "capacity": 5}}, {"model": "trainerapp.event", "pk": 30, "fields": {"course": 1, "start_datetime": "2018-09-27T18:00:00Z", "end_datetime": "2018-09-27T20:00:00Z", "location": "FWS Boardroom Tamarack", "capacity": 5}}, {"model": "trainerapp.event", "pk": 31, "fields": {"course": 2, "start_datetime": "2018-10-04T18:00:00Z", "end_datetime": "2018-10-04T20:00:00Z", "location": "FWS Boardroom Tamarack", "capacity": 5}}, {"model": "trainerapp.student", "pk": 1, "fields": {"first_name": "Allison", "last_name": "Connor", "email": "aconnor@fwsgroup.com", "inactive": false}}, {"model": "trainerapp.student", "pk": 2, "fields": {"first_name": "Annabelle", "last_name": "Patricino", "email": "apatricino@fwsgroup.com", "inactive": false}}, {"model": "trainerapp.student", "pk": 3, "fields": {"first_name": "Blake", "last_name": "Anderson", "email": "banderson@fwsgroup.com", "inactive": false}}, {"model": "trainerapp.student", "pk": 4, "fields": {"first_name": "Bonnie", "last_name": "Malcolm", "email": "bmalcolm@fwsgroup.com", "inactive": false}}, {"model": "trainerapp.student", "pk": 5, "fields": {"first_name": "Derrick", "last_name": "Enns", "email": "denns@fwsgroup.com", "inactive": false}}, {"model": "trainerapp.student", "pk": 6, "fields": {"first_name": "Donna", "last_name": "McAlpine", "email": "dmcalpine@fwsgroup.com", "inactive": false}}, {"model": "trainerapp.student", "pk": 7, "fields": {"first_name": "Elyse", "last_name": "Lanouette", "email": "elanouette@fwsgroup.com", "inactive": false}}, {"model": "trainerapp.student", "pk": 8, "fields": {"first_name": "Hassan", "last_name": "El Badoui", "email": "hel badoui@fwsgroup.com", "inactive": false}}, {"model": "trainerapp.student", "pk": 9, "fields": {"first_name": "Ian", "last_name": "Dueck", "email": "idueck@fwsgroup.com", "inactive": false}}, {"model": "trainerapp.student", "pk": 10, "fields": {"first_name": "James", "last_name": "Melendez", "email": "jmelendez@fwsgroup.com", "inactive": false}}, {"model": "trainerapp.student", "pk": 11, "fields": {"first_name": "Jamie", "last_name": "Routledge", "email": "jroutledge@fwsgroup.com", "inactive": false}}, {"model": "trainerapp.student", "pk": 12, "fields": {"first_name": "Jeff", "last_name": "Smith", "email": "jsmith@fwsgroup.com", "inactive": false}}, {"model": "trainerapp.student", "pk": 13, "fields": {"first_name": "Jennifer", "last_name": "McMurray", "email": "jmcmurray@fwsgroup.com", "inactive": false}}, {"model": "trainerapp.student", "pk": 14, "fields": {"first_name": "Jennifer", "last_name": "Vo", "email": "jvo@fwsgroup.com", "inactive": false}}, {"model": "trainerapp.student", "pk": 15, "fields": {"first_name": "Jill", "last_name": "Hunt", "email": "jhunt@fwsgroup.com", "inactive": false}}, {"model": "trainerapp.student", "pk": 16, "fields": {"first_name": "Katherine", "last_name": "Katz", "email": "kkatz@fwsgroup.com", "inactive": false}}, {"model": "trainerapp.student", "pk": 17, "fields": {"first_name": "Kelly", "last_name": "Hooper", "email": "khooper@fwsgroup.com", "inactive": false}}, {"model": "trainerapp.student", "pk": 18, "fields": {"first_name": "Kelsey", "last_name": "Hargraves", "email": "khargraves@fwsgroup.com", "inactive": false}}, {"model": "trainerapp.student", "pk": 19, "fields": {"first_name": "Kent", "last_name": "Tolton", "email": "ktolton@fwsgroup.com", "inactive": false}}, {"model": "trainerapp.student", "pk": 20, "fields": {"first_name": "Leah", "last_name": "Oczerklewicz", "email": "loczerklewicz@fwsgroup.com", "inactive": false}}, {"model": "trainerapp.student", "pk": 21, "fields": {"first_name": "Linda", "last_name": "Hamm", "email": "lhamm@fwsgroup.com", "inactive": false}}, {"model": "trainerapp.student", "pk": 22, "fields": {"first_name": "Lisa", "last_name": "Byman", "email": "lbyman@fwsgroup.com", "inactive": false}}, {"model": "trainerapp.student", "pk": 23, "fields": {"first_name": "Lisa", "last_name": "Hughes", "email": "lhughes@fwsgroup.com", "inactive": false}}, {"model": "trainerapp.student", "pk": 24, "fields": {"first_name": "Marion", "last_name": "Sherwood", "email": "msherwood@fwsgroup.com", "inactive": false}}, {"model": "trainerapp.student", "pk": 25, "fields": {"first_name": "Melo", "last_name": "Biscaro", "email": "mbiscaro@fwsgroup.com", "inactive": false}}, {"model": "trainerapp.student", "pk": 26, "fields": {"first_name": "Moe", "last_name": "Elsayd", "email": "melsayd@fwsgroup.com", "inactive": false}}, {"model": "trainerapp.student", "pk": 27, "fields": {"first_name": "Monica", "last_name": "Petrick", "email": "mpetrick@fwsgroup.com", "inactive": false}}, {"model": "trainerapp.student", "pk": 28, "fields": {"first_name": "Paige", "last_name": "Chadsey", "email": "pchadsey@fwsgroup.com", "inactive": false}}, {"model": "trainerapp.student", "pk": 29, "fields": {"first_name": "Rene", "last_name": "de Rocquigny", "email": "rderocquigny@fwsgroup.com", "inactive": false}}, {"model": "trainerapp.student", "pk": 30, "fields": {"first_name": "Sandy", "last_name": "Fodchuk", "email": "sfodchuk@fwsgroup.com", "inactive": false}}, {"model": "trainerapp.student", "pk": 31, "fields": {"first_name": "Shelagh", "last_name": "Poersch", "email": "spoersch@fwsgroup.com", "inactive": false}}, {"model": "trainerapp.student", "pk": 32, "fields": {"first_name": "Stephanie", "last_name": "Petrick", "email": "spetrick@fwsgroup.com", "inactive": false}}, {"model": "trainerapp.student", "pk": 33, "fields": {"first_name": "Terry", "last_name": "Thorarinson", "email": "tthorarinson@fwsgroup.com", "inactive": false}}, {"model": "trainerapp.student", "pk": 34, "fields": {"first_name": "Brittany", "last_name": "Fodchuk", "email": "bfodchuk@fwsgroup.com", "inactive": false}}, {"model": "trainerapp.student", "pk": 35, "fields": {"first_name": "Landon", "last_name": "Orchard", "email": "lorchard@fwsgroup.com", "inactive": false}}, {"model": "trainerapp.student", "pk": 36, "fields": {"first_name": "Wesley", "last_name": "Loewen", "email": "wloewen@fwsgroup.com", "inactive": false}}, {"model": "trainerapp.student", "pk": 37, "fields": {"first_name": "Matt", "last_name": "Lercher", "email": "mlercher@fwsgroup.com", "inactive": false}}, {"model": "trainerapp.student", "pk": 38, "fields": {"first_name": "Joji", "last_name": "Arenas", "email": "jarenas@fwsgroup.com", "inactive": false}}, {"model": "trainerapp.student", "pk": 39, "fields": {"first_name": "Barry", "last_name": "Ocay", "email": "bocay@fwsgroup.com", "inactive": false}}, {"model": "trainerapp.student", "pk": 40, "fields": {"first_name": "Shanta", "last_name": "Setiadi", "email": "ssetiadi@fwsgroup.com", "inactive": false}}, {"model": "trainerapp.student", "pk": 41, "fields": {"first_name": "Ian", "last_name": "Dornbush", "email": "idornbush@fwsgroup.com", "inactive": false}}, {"model": "trainerapp.student", "pk": 42, "fields": {"first_name": "Murray", "last_name": "Gadd", "email": "mgadd@fwsgroup.com", "inactive": false}}, {"model": "trainerapp.student", "pk": 43, "fields": {"first_name": "Brad", "last_name": "Thompson", "email": "bthompson@fwsgroup.com", "inactive": false}}, {"model": "trainerapp.student", "pk": 44, "fields": {"first_name": "Val", "last_name": "Abella", "email": "vabella@fwsgroup.com", "inactive": false}}, {"model": "trainerapp.student", "pk": 45, "fields": {"first_name": "Eric", "last_name": "Guyot", "email": "eguyot@fwsgroup.com", "inactive": false}}, {"model": "trainerapp.student", "pk": 46, "fields": {"first_name": "Teresa", "last_name": "Barbee", "email": "tbarbee@fwsgroup.com", "inactive": false}}, {"model": "trainerapp.student", "pk": 47, "fields": {"first_name": "Tejpal", "last_name": "Pandher", "email": "tpandher@fwsgroup.com", "inactive": false}}, {"model": "trainerapp.student", "pk": 48, "fields": {"first_name": "Richard", "last_name": "Lemoine", "email": "rlemoine@fwsgroup.com", "inactive": false}}, {"model": "trainerapp.student", "pk": 49, "fields": {"first_name": "Denis", "last_name": "Tetrault", "email": "dtetrault@fwsgroup.com", "inactive": false}}, {"model": "trainerapp.student", "pk": 50, "fields": {"first_name": "Duane", "last_name": "Joyce", "email": "djoyce@fwsgroup.com", "inactive": false}}, {"model": "admin.logentry", "pk": 1, "fields": {"action_time": "2018-08-12T21:59:14.206Z", "user": 1, "content_type": 8, "object_id": "1", "object_repr": "Excel Essentials", "action_flag": 1, "change_message": "[{\"added\": {}}]"}}, {"model": "admin.logentry", "pk": 2, "fields": {"action_time": "2018-08-12T22:01:02.494Z", "user": 1, "content_type": 8, "object_id": "2", "object_repr": "Excel Lookups", "action_flag": 1, "change_message": "[{\"added\": {}}]"}}, {"model": "admin.logentry", "pk": 3, "fields": {"action_time": "2018-08-12T22:03:41.394Z", "user": 1, "content_type": 8, "object_id": "3", "object_repr": "Excel Pivot Tables", "action_flag": 1, "change_message": "[{\"added\": {}}]"}}, {"model": "admin.logentry", "pk": 4, "fields": {"action_time": "2018-08-13T00:00:13.688Z", "user": 1, "content_type": 9, "object_id": "2", "object_repr": "Event object (2)", "action_flag": 2, "change_message": "[{\"changed\": {\"fields\": [\"end_datetime\"]}}]"}}, {"model": "admin.logentry", "pk": 5, "fields": {"action_time": "2018-08-13T03:00:30.189Z", "user": 1, "content_type": 7, "object_id": "1", "object_repr": "Attendee object (1)", "action_flag": 2, "change_message": "[]"}}, {"model": "admin.logentry", "pk": 6, "fields": {"action_time": "2018-08-13T23:32:46.133Z", "user": 1, "content_type": 9, "object_id": "1", "object_repr": "Excel Essentials: March 28, 2018 @ 9AM", "action_flag": 2, "change_message": "[]"}}, {"model": "admin.logentry", "pk": 7, "fields": {"action_time": "2018-08-13T23:46:52.131Z", "user": 1, "content_type": 9, "object_id": "19", "object_repr": "Excel Pivot Tables: July 12, 2018 @ 1PM", "action_flag": 1, "change_message": "[{\"added\": {}}]"}}, {"model": "admin.logentry", "pk": 8, "fields": {"action_time": "2018-08-13T23:47:48.983Z", "user": 1, "content_type": 9, "object_id": "20", "object_repr": "Excel Pivot Tables: July 18, 2018 @ 9AM", "action_flag": 1, "change_message": "[{\"added\": {}}]"}}, {"model": "admin.logentry", "pk": 9, "fields": {"action_time": "2018-08-13T23:47:56.860Z", "user": 1, "content_type": 9, "object_id": "19", "object_repr": "Excel Pivot Tables: July 12, 2018 @ 1PM", "action_flag": 2, "change_message": "[{\"changed\": {\"fields\": [\"end_datetime\"]}}]"}}, {"model": "admin.logentry", "pk": 10, "fields": {"action_time": "2018-08-13T23:48:43.921Z", "user": 1, "content_type": 9, "object_id": "21", "object_repr": "Excel Pivot Tables: July 25, 2018 @ 1PM", "action_flag": 1, "change_message": "[{\"added\": {}}]"}}, {"model": "admin.logentry", "pk": 11, "fields": {"action_time": "2018-08-13T23:49:31.656Z", "user": 1, "content_type": 9, "object_id": "22", "object_repr": "Excel Pivot Tables: August 1, 2018 @ 9AM", "action_flag": 1, "change_message": "[{\"added\": {}}]"}}, {"model": "admin.logentry", "pk": 12, "fields": {"action_time": "2018-08-13T23:50:17.242Z", "user": 1, "content_type": 9, "object_id": "23", "object_repr": "Excel Pivot Tables: October 8, 2018 @ 1PM", "action_flag": 1, "change_message": "[{\"added\": {}}]"}}, {"model": "admin.logentry", "pk": 13, "fields": {"action_time": "2018-08-13T23:50:49.143Z", "user": 1, "content_type": 9, "object_id": "24", "object_repr": "Excel Pivot Tables: August 14, 2018 @ 9AM", "action_flag": 1, "change_message": "[{\"added\": {}}]"}}, {"model": "admin.logentry", "pk": 14, "fields": {"action_time": "2018-08-13T23:51:26.834Z", "user": 1, "content_type": 9, "object_id": "25", "object_repr": "Excel Pivot Tables: August 15, 2018 @ 9AM", "action_flag": 1, "change_message": "[{\"added\": {}}]"}}, {"model": "admin.logentry", "pk": 15, "fields": {"action_time": "2018-08-13T23:52:11.819Z", "user": 1, "content_type": 9, "object_id": "26", "object_repr": "Excel Essentials: August 22, 2018 @ 9AM", "action_flag": 1, "change_message": "[{\"added\": {}}]"}}, {"model": "admin.logentry", "pk": 16, "fields": {"action_time": "2018-08-13T23:52:46.489Z", "user": 1, "content_type": 9, "object_id": "27", "object_repr": "Excel Lookups: August 29, 2018 @ 9AM", "action_flag": 1, "change_message": "[{\"added\": {}}]"}}, {"model": "admin.logentry", "pk": 17, "fields": {"action_time": "2018-08-13T23:53:36.532Z", "user": 1, "content_type": 9, "object_id": "28", "object_repr": "Excel Essentials: September 5, 2018 @ 9AM", "action_flag": 1, "change_message": "[{\"added\": {}}]"}}, {"model": "admin.logentry", "pk": 18, "fields": {"action_time": "2018-08-13T23:53:45.950Z", "user": 1, "content_type": 9, "object_id": "26", "object_repr": "Excel Essentials: August 22, 2018 @ 9AM", "action_flag": 2, "change_message": "[{\"changed\": {\"fields\": [\"location\"]}}]"}}, {"model": "admin.logentry", "pk": 19, "fields": {"action_time": "2018-08-13T23:53:52.108Z", "user": 1, "content_type": 9, "object_id": "25", "object_repr": "Excel Pivot Tables: August 15, 2018 @ 9AM", "action_flag": 2, "change_message": "[{\"changed\": {\"fields\": [\"location\"]}}]"}}, {"model": "admin.logentry", "pk": 20, "fields": {"action_time": "2018-08-13T23:53:58.839Z", "user": 1, "content_type": 9, "object_id": "26", "object_repr": "Excel Essentials: August 22, 2018 @ 9AM", "action_flag": 2, "change_message": "[{\"changed\": {\"fields\": [\"end_datetime\"]}}]"}}, {"model": "admin.logentry", "pk": 21, "fields": {"action_time": "2018-08-13T23:54:47.031Z", "user": 1, "content_type": 9, "object_id": "29", "object_repr": "Excel Lookups: September 12, 2018 @ 9AM", "action_flag": 1, "change_message": "[{\"added\": {}}]"}}, {"model": "admin.logentry", "pk": 22, "fields": {"action_time": "2018-08-13T23:54:54.250Z", "user": 1, "content_type": 9, "object_id": "27", "object_repr": "Excel Lookups: August 29, 2018 @ 9AM", "action_flag": 2, "change_message": "[{\"changed\": {\"fields\": [\"end_datetime\"]}}]"}}, {"model": "admin.logentry", "pk": 23, "fields": {"action_time": "2018-08-13T23:55:31.516Z", "user": 1, "content_type": 9, "object_id": "30", "object_repr": "Excel Essentials: September 27, 2018 @ 1PM", "action_flag": 1, "change_message": "[{\"added\": {}}]"}}, {"model": "admin.logentry", "pk": 24, "fields": {"action_time": "2018-08-13T23:56:04.720Z", "user": 1, "content_type": 9, "object_id": "31", "object_repr": "Excel Lookups: October 4, 2018 @ 1PM", "action_flag": 1, "change_message": "[{\"added\": {}}]"}}, {"model": "admin.logentry", "pk": 25, "fields": {"action_time": "2018-08-13T23:56:56.716Z", "user": 1, "content_type": 10, "object_id": "34", "object_repr": "Fodchuk, Brittany", "action_flag": 1, "change_message": "[{\"added\": {}}]"}}, {"model": "admin.logentry", "pk": 26, "fields": {"action_time": "2018-08-13T23:57:14.940Z", "user": 1, "content_type": 10, "object_id": "35", "object_repr": "Orchard, Landon", "action_flag": 1, "change_message": "[{\"added\": {}}]"}}, {"model": "admin.logentry", "pk": 27, "fields": {"action_time": "2018-08-13T23:57:38.844Z", "user": 1, "content_type": 10, "object_id": "36", "object_repr": "Loewen, Wesley", "action_flag": 1, "change_message": "[{\"added\": {}}]"}}, {"model": "admin.logentry", "pk": 28, "fields": {"action_time": "2018-08-13T23:58:08.270Z", "user": 1, "content_type": 10, "object_id": "37", "object_repr": "Lercher, Matt", "action_flag": 1, "change_message": "[{\"added\": {}}]"}}, {"model": "admin.logentry", "pk": 29, "fields": {"action_time": "2018-08-13T23:58:21.279Z", "user": 1, "content_type": 10, "object_id": "38", "object_repr": "Arenas, Joji", "action_flag": 1, "change_message": "[{\"added\": {}}]"}}, {"model": "admin.logentry", "pk": 30, "fields": {"action_time": "2018-08-13T23:58:31.105Z", "user": 1, "content_type": 10, "object_id": "39", "object_repr": "Ocay, Barry", "action_flag": 1, "change_message": "[{\"added\": {}}]"}}, {"model": "admin.logentry", "pk": 31, "fields": {"action_time": "2018-08-13T23:58:49.207Z", "user": 1, "content_type": 10, "object_id": "40", "object_repr": "Setiadi, Shanta", "action_flag": 1, "change_message": "[{\"added\": {}}]"}}, {"model": "admin.logentry", "pk": 32, "fields": {"action_time": "2018-08-13T23:59:05.266Z", "user": 1, "content_type": 10, "object_id": "41", "object_repr": "Dornbush, Ian", "action_flag": 1, "change_message": "[{\"added\": {}}]"}}, {"model": "admin.logentry", "pk": 33, "fields": {"action_time": "2018-08-13T23:59:34.787Z", "user": 1, "content_type": 10, "object_id": "42", "object_repr": "Gadd, Murray", "action_flag": 1, "change_message": "[{\"added\": {}}]"}}, {"model": "admin.logentry", "pk": 34, "fields": {"action_time": "2018-08-13T23:59:52.031Z", "user": 1, "content_type": 10, "object_id": "43", "object_repr": "Thompson, Brad", "action_flag": 1, "change_message": "[{\"added\": {}}]"}}, {"model": "admin.logentry", "pk": 35, "fields": {"action_time": "2018-08-14T00:00:06.822Z", "user": 1, "content_type": 10, "object_id": "44", "object_repr": "Abella, Val", "action_flag": 1, "change_message": "[{\"added\": {}}]"}}, {"model": "admin.logentry", "pk": 36, "fields": {"action_time": "2018-08-14T00:00:21.757Z", "user": 1, "content_type": 10, "object_id": "45", "object_repr": "Guyot, Eric", "action_flag": 1, "change_message": "[{\"added\": {}}]"}}, {"model": "admin.logentry", "pk": 37, "fields": {"action_time": "2018-08-14T00:00:50.350Z", "user": 1, "content_type": 10, "object_id": "46", "object_repr": "Barbee, Teresa", "action_flag": 1, "change_message": "[{\"added\": {}}]"}}, {"model": "admin.logentry", "pk": 38, "fields": {"action_time": "2018-08-14T00:01:25.821Z", "user": 1, "content_type": 10, "object_id": "47", "object_repr": "Pandher, Tejpal", "action_flag": 1, "change_message": "[{\"added\": {}}]"}}, {"model": "admin.logentry", "pk": 39, "fields": {"action_time": "2018-08-14T00:01:46.348Z", "user": 1, "content_type": 10, "object_id": "29", "object_repr": "de Rocquigny, Rene", "action_flag": 2, "change_message": "[{\"changed\": {\"fields\": [\"email\"]}}]"}}, {"model": "admin.logentry", "pk": 40, "fields": {"action_time": "2018-08-14T01:08:06.913Z", "user": 1, "content_type": 7, "object_id": "61", "object_repr": "Attendee object (61)", "action_flag": 1, "change_message": "[{\"added\": {}}]"}}, {"model": "admin.logentry", "pk": 41, "fields": {"action_time": "2018-08-14T01:08:18.982Z", "user": 1, "content_type": 7, "object_id": "62", "object_repr": "Attendee object (62)", "action_flag": 1, "change_message": "[{\"added\": {}}]"}}, {"model": "admin.logentry", "pk": 42, "fields": {"action_time": "2018-08-14T01:08:29.523Z", "user": 1, "content_type": 7, "object_id": "63", "object_repr": "Attendee object (63)", "action_flag": 1, "change_message": "[{\"added\": {}}]"}}, {"model": "admin.logentry", "pk": 43, "fields": {"action_time": "2018-08-14T01:08:53.361Z", "user": 1, "content_type": 7, "object_id": "64", "object_repr": "Attendee object (64)", "action_flag": 1, "change_message": "[{\"added\": {}}]"}}, {"model": "admin.logentry", "pk": 44, "fields": {"action_time": "2018-08-14T01:09:05.049Z", "user": 1, "content_type": 7, "object_id": "65", "object_repr": "Attendee object (65)", "action_flag": 1, "change_message": "[{\"added\": {}}]"}}, {"model": "admin.logentry", "pk": 45, "fields": {"action_time": "2018-08-14T01:09:17.945Z", "user": 1, "content_type": 7, "object_id": "66", "object_repr": "Attendee object (66)", "action_flag": 1, "change_message": "[{\"added\": {}}]"}}, {"model": "admin.logentry", "pk": 46, "fields": {"action_time": "2018-08-14T01:09:56.660Z", "user": 1, "content_type": 7, "object_id": "67", "object_repr": "Attendee object (67)", "action_flag": 1, "change_message": "[{\"added\": {}}]"}}, {"model": "admin.logentry", "pk": 47, "fields": {"action_time": "2018-08-14T01:10:43.245Z", "user": 1, "content_type": 7, "object_id": "68", "object_repr": "Attendee object (68)", "action_flag": 1, "change_message": "[{\"added\": {}}]"}}, {"model": "admin.logentry", "pk": 48, "fields": {"action_time": "2018-08-14T01:10:48.434Z", "user": 1, "content_type": 7, "object_id": "61", "object_repr": "Attendee object (61)", "action_flag": 2, "change_message": "[{\"changed\": {\"fields\": [\"attended\"]}}]"}}, {"model": "admin.logentry", "pk": 49, "fields": {"action_time": "2018-08-14T01:11:15.653Z", "user": 1, "content_type": 10, "object_id": "48", "object_repr": "Lemoine, Richard", "action_flag": 1, "change_message": "[{\"added\": {}}]"}}, {"model": "admin.logentry", "pk": 50, "fields": {"action_time": "2018-08-14T01:11:29.655Z", "user": 1, "content_type": 10, "object_id": "48", "object_repr": "Lemoine, Richard", "action_flag": 2, "change_message": "[]"}}, {"model": "admin.logentry", "pk": 51, "fields": {"action_time": "2018-08-14T01:11:55.538Z", "user": 1, "content_type": 7, "object_id": "69", "object_repr": "Attendee object (69)", "action_flag": 1, "change_message": "[{\"added\": {}}]"}}, {"model": "admin.logentry", "pk": 52, "fields": {"action_time": "2018-08-14T01:13:30.737Z", "user": 1, "content_type": 7, "object_id": "70", "object_repr": "Attendee object (70)", "action_flag": 1, "change_message": "[{\"added\": {}}]"}}, {"model": "admin.logentry", "pk": 53, "fields": {"action_time": "2018-08-14T01:14:21.228Z", "user": 1, "content_type": 10, "object_id": "49", "object_repr": "Tetrault, Denis", "action_flag": 1, "change_message": "[{\"added\": {}}]"}}, {"model": "admin.logentry", "pk": 54, "fields": {"action_time": "2018-08-14T01:14:25.063Z", "user": 1, "content_type": 7, "object_id": "71", "object_repr": "Attendee object (71)", "action_flag": 1, "change_message": "[{\"added\": {}}]"}}, {"model": "admin.logentry", "pk": 55, "fields": {"action_time": "2018-08-14T01:14:39.381Z", "user": 1, "content_type": 7, "object_id": "72", "object_repr": "Attendee object (72)", "action_flag": 1, "change_message": "[{\"added\": {}}]"}}, {"model": "admin.logentry", "pk": 56, "fields": {"action_time": "2018-08-14T01:14:49.191Z", "user": 1, "content_type": 7, "object_id": "73", "object_repr": "Attendee object (73)", "action_flag": 1, "change_message": "[{\"added\": {}}]"}}, {"model": "admin.logentry", "pk": 57, "fields": {"action_time": "2018-08-14T01:15:37.357Z", "user": 1, "content_type": 9, "object_id": "23", "object_repr": "Excel Pivot Tables: August 10, 2018 @ 1PM", "action_flag": 2, "change_message": "[{\"changed\": {\"fields\": [\"location\", \"start_datetime\", \"end_datetime\"]}}]"}}, {"model": "admin.logentry", "pk": 58, "fields": {"action_time": "2018-08-14T01:15:49.750Z", "user": 1, "content_type": 7, "object_id": "74", "object_repr": "Attendee object (74)", "action_flag": 1, "change_message": "[{\"added\": {}}]"}}, {"model": "admin.logentry", "pk": 59, "fields": {"action_time": "2018-08-14T01:15:59.211Z", "user": 1, "content_type": 7, "object_id": "75", "object_repr": "Attendee object (75)", "action_flag": 1, "change_message": "[{\"added\": {}}]"}}, {"model": "admin.logentry", "pk": 60, "fields": {"action_time": "2018-08-14T01:16:13.179Z", "user": 1, "content_type": 7, "object_id": "76", "object_repr": "Attendee object (76)", "action_flag": 1, "change_message": "[{\"added\": {}}]"}}, {"model": "admin.logentry", "pk": 61, "fields": {"action_time": "2018-08-14T01:16:26.551Z", "user": 1, "content_type": 7, "object_id": "77", "object_repr": "Attendee object (77)", "action_flag": 1, "change_message": "[{\"added\": {}}]"}}, {"model": "admin.logentry", "pk": 62, "fields": {"action_time": "2018-08-14T01:16:41.581Z", "user": 1, "content_type": 7, "object_id": "78", "object_repr": "Attendee object (78)", "action_flag": 1, "change_message": "[{\"added\": {}}]"}}, {"model": "admin.logentry", "pk": 63, "fields": {"action_time": "2018-08-14T01:17:13.081Z", "user": 1, "content_type": 7, "object_id": "79", "object_repr": "Attendee object (79)", "action_flag": 1, "change_message": "[{\"added\": {}}]"}}, {"model": "admin.logentry", "pk": 64, "fields": {"action_time": "2018-08-14T01:17:31.708Z", "user": 1, "content_type": 7, "object_id": "80", "object_repr": "Attendee object (80)", "action_flag": 1, "change_message": "[{\"added\": {}}]"}}, {"model": "admin.logentry", "pk": 65, "fields": {"action_time": "2018-08-14T01:17:38.097Z", "user": 1, "content_type": 7, "object_id": "81", "object_repr": "Attendee object (81)", "action_flag": 1, "change_message": "[{\"added\": {}}]"}}, {"model": "admin.logentry", "pk": 66, "fields": {"action_time": "2018-08-14T01:17:52.040Z", "user": 1, "content_type": 7, "object_id": "82", "object_repr": "Attendee object (82)", "action_flag": 1, "change_message": "[{\"added\": {}}]"}}, {"model": "admin.logentry", "pk": 67, "fields": {"action_time": "2018-08-14T01:17:59.787Z", "user": 1, "content_type": 7, "object_id": "83", "object_repr": "Attendee object (83)", "action_flag": 1, "change_message": "[{\"added\": {}}]"}}, {"model": "admin.logentry", "pk": 68, "fields": {"action_time": "2018-08-14T01:18:05.790Z", "user": 1, "content_type": 7, "object_id": "84", "object_repr": "Attendee object (84)", "action_flag": 1, "change_message": "[{\"added\": {}}]"}}, {"model": "admin.logentry", "pk": 69, "fields": {"action_time": "2018-08-14T01:18:14.845Z", "user": 1, "content_type": 7, "object_id": "85", "object_repr": "Attendee object (85)", "action_flag": 1, "change_message": "[{\"added\": {}}]"}}, {"model": "admin.logentry", "pk": 70, "fields": {"action_time": "2018-08-14T01:18:35.111Z", "user": 1, "content_type": 7, "object_id": "86", "object_repr": "Attendee object (86)", "action_flag": 1, "change_message": "[{\"added\": {}}]"}}, {"model": "admin.logentry", "pk": 71, "fields": {"action_time": "2018-08-14T01:18:49.084Z", "user": 1, "content_type": 7, "object_id": "87", "object_repr": "Attendee object (87)", "action_flag": 1, "change_message": "[{\"added\": {}}]"}}, {"model": "admin.logentry", "pk": 72, "fields": {"action_time": "2018-08-14T01:19:00.362Z", "user": 1, "content_type": 7, "object_id": "88", "object_repr": "Attendee object (88)", "action_flag": 1, "change_message": "[{\"added\": {}}]"}}, {"model": "admin.logentry", "pk": 73, "fields": {"action_time": "2018-08-14T01:19:12.993Z", "user": 1, "content_type": 7, "object_id": "89", "object_repr": "Attendee object (89)", "action_flag": 1, "change_message": "[{\"added\": {}}]"}}, {"model": "admin.logentry", "pk": 74, "fields": {"action_time": "2018-08-14T01:19:22.480Z", "user": 1, "content_type": 7, "object_id": "90", "object_repr": "Attendee object (90)", "action_flag": 1, "change_message": "[{\"added\": {}}]"}}, {"model": "admin.logentry", "pk": 75, "fields": {"action_time": "2018-08-14T01:19:48.305Z", "user": 1, "content_type": 7, "object_id": "91", "object_repr": "Attendee object (91)", "action_flag": 1, "change_message": "[{\"added\": {}}]"}}, {"model": "admin.logentry", "pk": 76, "fields": {"action_time": "2018-08-14T01:20:16.279Z", "user": 1, "content_type": 7, "object_id": "92", "object_repr": "Attendee object (92)", "action_flag": 1, "change_message": "[{\"added\": {}}]"}}, {"model": "admin.logentry", "pk": 77, "fields": {"action_time": "2018-08-14T01:20:23.447Z", "user": 1, "content_type": 7, "object_id": "93", "object_repr": "Attendee object (93)", "action_flag": 1, "change_message": "[{\"added\": {}}]"}}, {"model": "admin.logentry", "pk": 78, "fields": {"action_time": "2018-08-14T01:20:31.899Z", "user": 1, "content_type": 7, "object_id": "94", "object_repr": "Attendee object (94)", "action_flag": 1, "change_message": "[{\"added\": {}}]"}}, {"model": "admin.logentry", "pk": 79, "fields": {"action_time": "2018-08-14T01:21:09.321Z", "user": 1, "content_type": 10, "object_id": "50", "object_repr": "Joyce, Duane", "action_flag": 1, "change_message": "[{\"added\": {}}]"}}, {"model": "admin.logentry", "pk": 80, "fields": {"action_time": "2018-08-14T01:21:11.529Z", "user": 1, "content_type": 7, "object_id": "95", "object_repr": "Attendee object (95)", "action_flag": 1, "change_message": "[{\"added\": {}}]"}}, {"model": "admin.logentry", "pk": 81, "fields": {"action_time": "2018-08-14T01:21:18.959Z", "user": 1, "content_type": 7, "object_id": "96", "object_repr": "Attendee object (96)", "action_flag": 1, "change_message": "[{\"added\": {}}]"}}, {"model": "admin.logentry", "pk": 82, "fields": {"action_time": "2018-08-14T01:21:38.515Z", "user": 1, "content_type": 7, "object_id": "97", "object_repr": "Attendee object (97)", "action_flag": 1, "change_message": "[{\"added\": {}}]"}}, {"model": "admin.logentry", "pk": 83, "fields": {"action_time": "2018-08-14T01:21:46.237Z", "user": 1, "content_type": 7, "object_id": "98", "object_repr": "Attendee object (98)", "action_flag": 1, "change_message": "[{\"added\": {}}]"}}, {"model": "admin.logentry", "pk": 84, "fields": {"action_time": "2018-08-14T01:21:53.122Z", "user": 1, "content_type": 7, "object_id": "99", "object_repr": "Attendee object (99)", "action_flag": 1, "change_message": "[{\"added\": {}}]"}}, {"model": "admin.logentry", "pk": 85, "fields": {"action_time": "2018-08-14T01:21:58.371Z", "user": 1, "content_type": 7, "object_id": "100", "object_repr": "Attendee object (100)", "action_flag": 1, "change_message": "[{\"added\": {}}]"}}, {"model": "admin.logentry", "pk": 86, "fields": {"action_time": "2018-08-14T01:22:23.105Z", "user": 1, "content_type": 7, "object_id": "101", "object_repr": "Attendee object (101)", "action_flag": 1, "change_message": "[{\"added\": {}}]"}}, {"model": "admin.logentry", "pk": 87, "fields": {"action_time": "2018-08-14T01:22:28.328Z", "user": 1, "content_type": 7, "object_id": "102", "object_repr": "Attendee object (102)", "action_flag": 1, "change_message": "[{\"added\": {}}]"}}, {"model": "admin.logentry", "pk": 88, "fields": {"action_time": "2018-08-14T01:22:40.477Z", "user": 1, "content_type": 7, "object_id": "103", "object_repr": "Attendee object (103)", "action_flag": 1, "change_message": "[{\"added\": {}}]"}}, {"model": "admin.logentry", "pk": 89, "fields": {"action_time": "2018-08-14T01:22:45.511Z", "user": 1, "content_type": 7, "object_id": "104", "object_repr": "Attendee object (104)", "action_flag": 1, "change_message": "[{\"added\": {}}]"}}, {"model": "admin.logentry", "pk": 90, "fields": {"action_time": "2018-08-14T01:22:55.927Z", "user": 1, "content_type": 7, "object_id": "105", "object_repr": "Attendee object (105)", "action_flag": 1, "change_message": "[{\"added\": {}}]"}}, {"model": "admin.logentry", "pk": 91, "fields": {"action_time": "2018-08-14T01:23:12.427Z", "user": 1, "content_type": 7, "object_id": "106", "object_repr": "Attendee object (106)", "action_flag": 1, "change_message": "[{\"added\": {}}]"}}, {"model": "admin.logentry", "pk": 92, "fields": {"action_time": "2018-08-14T01:23:22.503Z", "user": 1, "content_type": 7, "object_id": "107", "object_repr": "Attendee object (107)", "action_flag": 1, "change_message": "[{\"added\": {}}]"}}, {"model": "admin.logentry", "pk": 93, "fields": {"action_time": "2018-08-14T01:23:29.500Z", "user": 1, "content_type": 7, "object_id": "108", "object_repr": "Attendee object (108)", "action_flag": 1, "change_message": "[{\"added\": {}}]"}}, {"model": "admin.logentry", "pk": 94, "fields": {"action_time": "2018-08-14T01:23:39.889Z", "user": 1, "content_type": 7, "object_id": "109", "object_repr": "Attendee object (109)", "action_flag": 1, "change_message": "[{\"added\": {}}]"}}, {"model": "admin.logentry", "pk": 95, "fields": {"action_time": "2018-08-14T01:23:52.483Z", "user": 1, "content_type": 7, "object_id": "110", "object_repr": "Attendee object (110)", "action_flag": 1, "change_message": "[{\"added\": {}}]"}}, {"model": "admin.logentry", "pk": 96, "fields": {"action_time": "2018-08-14T01:23:59.750Z", "user": 1, "content_type": 7, "object_id": "111", "object_repr": "Attendee object (111)", "action_flag": 1, "change_message": "[{\"added\": {}}]"}}, {"model": "admin.logentry", "pk": 97, "fields": {"action_time": "2018-08-14T01:24:06.155Z", "user": 1, "content_type": 7, "object_id": "112", "object_repr": "Attendee object (112)", "action_flag": 1, "change_message": "[{\"added\": {}}]"}}, {"model": "admin.logentry", "pk": 98, "fields": {"action_time": "2018-08-14T01:24:16.296Z", "user": 1, "content_type": 7, "object_id": "113", "object_repr": "Attendee object (113)", "action_flag": 1, "change_message": "[{\"added\": {}}]"}}, {"model": "admin.logentry", "pk": 99, "fields": {"action_time": "2018-08-14T01:24:24.575Z", "user": 1, "content_type": 7, "object_id": "77", "object_repr": "Attendee object (77)", "action_flag": 2, "change_message": "[{\"changed\": {\"fields\": [\"attended\"]}}]"}}]