[{"model": "auth.user", "pk": 1, "fields": {"password": "pbkdf2_sha256$120000$pX7VwxK5rliN$3qNG6yk7KbLYhItSpxqgLkrkJkpMevdXORueA3APHCU=", "last_login": "2018-08-12T21:52:33.372Z", "is_superuser": true, "username": "admin", "first_name": "", "last_name": "", "email": "mbdevaney@gmail.com", "is_staff": true, "is_active": true, "date_joined": "2018-08-12T21:52:29.494Z", "groups": [], "user_permissions": []}}, {"model": "sessions.session", "pk": "wo96zblw3cpas02sm504bftmmjpmdzqc", "fields": {"session_data": "ODM3YTEwMjBjNDYxM2UwYWIwNTExOTA3YWZmNDM5ZTQ0MDcwZDQ5ZTp7Il9hdXRoX3VzZXJfaWQiOiIxIiwiX2F1dGhfdXNlcl9iYWNrZW5kIjoiZGphbmdvLmNvbnRyaWIuYXV0aC5iYWNrZW5kcy5Nb2RlbEJhY2tlbmQiLCJfYXV0aF91c2VyX2hhc2giOiIwMTQ5OWY3YmFkZjc2YzAyZDE5Yjk3MzA4NTYzZjM2NjQxY2JhOWNiIn0=", "expire_date": "2018-08-26T21:52:33.382Z"}}, {"model": "trainerapp.attendee", "pk": 1, "fields": {"event": 1, "student": 14, "attended": false}}, {"model": "trainerapp.attendee", "pk": 2, "fields": {"event": 1, "student": 13, "attended": false}}, {"model": "trainerapp.attendee", "pk": 3, "fields": {"event": 1, "student": 22, "attended": false}}, {"model": "trainerapp.attendee", "pk": 4, "fields": {"event": 2, "student": 27, "attended": false}}, {"model": "trainerapp.attendee", "pk": 5, "fields": {"event": 2, "student": 31, "attended": false}}, {"model": "trainerapp.attendee", "pk": 6, "fields": {"event": 2, "student": 32, "attended": false}}, {"model": "trainerapp.attendee", "pk": 7, "fields": {"event": 3, "student": 1, "attended": false}}, {"model": "trainerapp.attendee", "pk": 8, "fields": {"event": 3, "student": 21, "attended": false}}, {"model": "trainerapp.attendee", "pk": 9, "fields": {"event": 3, "student": 33, "attended": false}}, {"model": "trainerapp.attendee", "pk": 10, "fields": {"event": 4, "student": 13, "attended": false}}, {"model": "trainerapp.attendee", "pk": 11, "fields": {"event": 4, "student": 14, "attended": false}}, {"model": "trainerapp.attendee", "pk": 12, "fields": {"event": 4, "student": 22, "attended": false}}, {"model": "trainerapp.attendee", "pk": 13, "fields": {"event": 4, "student": 28, "attended": false}}, {"model": "trainerapp.attendee", "pk": 14, "fields": {"event": 5, "student": 1, "attended": false}}, {"model": "trainerapp.attendee", "pk": 15, "fields": {"event": 5, "student": 21, "attended": false}}, {"model": "trainerapp.attendee", "pk": 16, "fields": {"event": 5, "student": 27, "attended": false}}, {"model": "trainerapp.attendee", "pk": 17, "fields": {"event": 5, "student": 33, "attended": false}}, {"model": "trainerapp.attendee", "pk": 18, "fields": {"event": 6, "student": 3, "attended": false}}, {"model": "trainerapp.attendee", "pk": 19, "fields": {"event": 7, "student": 4, "attended": false}}, {"model": "trainerapp.attendee", "pk": 20, "fields": {"event": 7, "student": 12, "attended": false}}, {"model": "trainerapp.attendee", "pk": 21, "fields": {"event": 7, "student": 15, "attended": false}}, {"model": "trainerapp.attendee", "pk": 22, "fields": {"event": 7, "student": 23, "attended": false}}, {"model": "trainerapp.attendee", "pk": 23, "fields": {"event": 6, "student": 24, "attended": false}}, {"model": "trainerapp.attendee", "pk": 24, "fields": {"event": 6, "student": 25, "attended": false}}, {"model": "trainerapp.attendee", "pk": 25, "fields": {"event": 6, "student": 30, "attended": false}}, {"model": "trainerapp.attendee", "pk": 26, "fields": {"event": 8, "student": 4, "attended": false}}, {"model": "trainerapp.attendee", "pk": 27, "fields": {"event": 8, "student": 15, "attended": false}}, {"model": "trainerapp.attendee", "pk": 28, "fields": {"event": 8, "student": 23, "attended": false}}, {"model": "trainerapp.attendee", "pk": 29, "fields": {"event": 9, "student": 24, "attended": false}}, {"model": "trainerapp.attendee", "pk": 30, "fields": {"event": 9, "student": 25, "attended": false}}, {"model": "trainerapp.attendee", "pk": 31, "fields": {"event": 9, "student": 30, "attended": false}}, {"model": "trainerapp.attendee", "pk": 32, "fields": {"event": 10, "student": 2, "attended": false}}, {"model": "trainerapp.attendee", "pk": 33, "fields": {"event": 10, "student": 17, "attended": false}}, {"model": "trainerapp.attendee", "pk": 34, "fields": {"event": 10, "student": 20, "attended": false}}, {"model": "trainerapp.attendee", "pk": 35, "fields": {"event": 11, "student": 16, "attended": false}}, {"model": "trainerapp.attendee", "pk": 36, "fields": {"event": 11, "student": 17, "attended": false}}, {"model": "trainerapp.attendee", "pk": 37, "fields": {"event": 11, "student": 20, "attended": false}}, {"model": "trainerapp.attendee", "pk": 38, "fields": {"event": 12, "student": 3, "attended": false}}, {"model": "trainerapp.attendee", "pk": 39, "fields": {"event": 12, "student": 21, "attended": false}}, {"model": "trainerapp.attendee", "pk": 40, "fields": {"event": 13, "student": 7, "attended": false}}, {"model": "trainerapp.attendee", "pk": 41, "fields": {"event": 13, "student": 11, "attended": false}}, {"model": "trainerapp.attendee", "pk": 42, "fields": {"event": 13, "student": 16, "attended": false}}, {"model": "trainerapp.attendee", "pk": 43, "fields": {"event": 14, "student": 2, "attended": false}}, {"model": "trainerapp.attendee", "pk": 44, "fields": {"event": 14, "student": 7, "attended": false}}, {"model": "trainerapp.attendee", "pk": 45, "fields": {"event": 14, "student": 11, "attended": false}}, {"model": "trainerapp.attendee", "pk": 46, "fields": {"event": 15, "student": 8, "attended": false}}, {"model": "trainerapp.attendee", "pk": 47, "fields": {"event": 15, "student": 19, "attended": false}}, {"model": "trainerapp.attendee", "pk": 48, "fields": {"event": 15, "student": 26, "attended": false}}, {"model": "trainerapp.attendee", "pk": 49, "fields": {"event": 15, "student": 29, "attended": false}}, {"model": "trainerapp.attendee", "pk": 50, "fields": {"event": 16, "student": 5, "attended": false}}, {"model": "trainerapp.attendee", "pk": 51, "fields": {"event": 16, "student": 6, "attended": false}}, {"model": "trainerapp.attendee", "pk": 52, "fields": {"event": 16, "student": 9, "attended": false}}, {"model": "trainerapp.attendee", "pk": 53, "fields": {"event": 16, "student": 10, "attended": false}}, {"model": "trainerapp.attendee", "pk": 54, "fields": {"event": 17, "student": 6, "attended": false}}, {"model": "trainerapp.attendee", "pk": 55, "fields": {"event": 17, "student": 9, "attended": false}}, {"model": "trainerapp.attendee", "pk": 56, "fields": {"event": 17, "student": 10, "attended": false}}, {"model": "trainerapp.attendee", "pk": 57, "fields": {"event": 18, "student": 8, "attended": false}}, {"model": "trainerapp.attendee", "pk": 58, "fields": {"event": 18, "student": 19, "attended": false}}, {"model": "trainerapp.attendee", "pk": 59, "fields": {"event": 18, "student": 26, "attended": false}}, {"model": "trainerapp.attendee", "pk": 60, "fields": {"event": 18, "student": 29, "attended": false}}, {"model": "trainerapp.course", "pk": 1, "fields": {"title": "Excel Essentials", "description": "Learn to perform the top 20% of essential Excel skills that you can put to use every-day and apply them to real-word scenarios.  Build well-designed 'flexible' worksheets that do the hard work for you.  Analyze results with formulas, filters and conditional formatting.  Increase your speed with hotkeys and other efficient techniques.", "hours": "2.5", "inactive": false}}, {"model": "trainerapp.course", "pk": 2, "fields": {"title": "Excel Lookups", "description": "Learn to create lookup formulas and apply them to real-world scenarios.  Handle errors and return default values.  Perform double-lookups on tables with 2 matching criteria.  Write a lookup formula that retrieves a value to the left.", "hours": "1.5", "inactive": false}}, {"model": "trainerapp.course", "pk": 3, "fields": {"title": "Excel Pivot Tables", "description": "Learn the advantages of using Pivot Tables in your everyday work.  Create pivot tables, pivot your data into the desired view and slice-and-dice it to get the answers you need.  Make your pivot tables interactive and visual with slicers and conditional formatting.  Understand how to build calculated fields.", "hours": "2.0", "inactive": false}}, {"model": "trainerapp.event", "pk": 1, "fields": {"course": 1, "start_datetime": null, "end_datetime": null, "location": "FWS Boardroom Cottonwood", "capacity": 4}}, {"model": "trainerapp.event", "pk": 2, "fields": {"course": 1, "start_datetime": null, "end_datetime": null, "location": "FWS Boardroom Cottonwood", "capacity": 4}}, {"model": "trainerapp.event", "pk": 3, "fields": {"course": 1, "start_datetime": null, "end_datetime": null, "location": "FWS Boardroom Cottonwood", "capacity": 4}}, {"model": "trainerapp.event", "pk": 4, "fields": {"course": 2, "start_datetime": null, "end_datetime": null, "location": "FWS Boardroom Cottonwood", "capacity": 4}}, {"model": "trainerapp.event", "pk": 5, "fields": {"course": 2, "start_datetime": null, "end_datetime": null, "location": "FWS Boardroom Cottonwood", "capacity": 4}}, {"model": "trainerapp.event", "pk": 6, "fields": {"course": 1, "start_datetime": null, "end_datetime": null, "location": "FWS Boardroom Cottonwood", "capacity": 4}}, {"model": "trainerapp.event", "pk": 7, "fields": {"course": 1, "start_datetime": null, "end_datetime": null, "location": "FWS Boardroom Cottonwood", "capacity": 4}}, {"model": "trainerapp.event", "pk": 8, "fields": {"course": 1, "start_datetime": null, "end_datetime": null, "location": "FWS Boardroom Cottonwood", "capacity": 4}}, {"model": "trainerapp.event", "pk": 9, "fields": {"course": 2, "start_datetime": null, "end_datetime": null, "location": "FWS Boardroom Cottonwood", "capacity": 4}}, {"model": "trainerapp.event", "pk": 10, "fields": {"course": 2, "start_datetime": null, "end_datetime": null, "location": "FWS Boardroom Cottonwood", "capacity": 4}}, {"model": "trainerapp.event", "pk": 11, "fields": {"course": 2, "start_datetime": null, "end_datetime": null, "location": "FWS Boardroom Cottonwood", "capacity": 4}}, {"model": "trainerapp.event", "pk": 12, "fields": {"course": 2, "start_datetime": null, "end_datetime": null, "location": "FWS Boardroom Cottonwood", "capacity": 4}}, {"model": "trainerapp.event", "pk": 13, "fields": {"course": 1, "start_datetime": null, "end_datetime": null, "location": "FWS Boardroom Cottonwood", "capacity": 4}}, {"model": "trainerapp.event", "pk": 14, "fields": {"course": 2, "start_datetime": null, "end_datetime": null, "location": "FWS Boardroom Cottonwood", "capacity": 4}}, {"model": "trainerapp.event", "pk": 15, "fields": {"course": 1, "start_datetime": null, "end_datetime": null, "location": "FWS Boardroom Cottonwood", "capacity": 4}}, {"model": "trainerapp.event", "pk": 16, "fields": {"course": 1, "start_datetime": null, "end_datetime": null, "location": "FWS Boardroom Tamarack", "capacity": 5}}, {"model": "trainerapp.event", "pk": 17, "fields": {"course": 2, "start_datetime": null, "end_datetime": null, "location": "FWS Boardroom Tamarack", "capacity": 5}}, {"model": "trainerapp.event", "pk": 18, "fields": {"course": 2, "start_datetime": null, "end_datetime": null, "location": "FWS Boardroom Tamarack", "capacity": 5}}, {"model": "trainerapp.student", "pk": 1, "fields": {"first_name": "Allison", "last_name": "Connor", "email": "aconnor@fwsgroup.com", "inactive": false}}, {"model": "trainerapp.student", "pk": 2, "fields": {"first_name": "Annabelle", "last_name": "Patricino", "email": "apatricino@fwsgroup.com", "inactive": false}}, {"model": "trainerapp.student", "pk": 3, "fields": {"first_name": "Blake", "last_name": "Anderson", "email": "banderson@fwsgroup.com", "inactive": false}}, {"model": "trainerapp.student", "pk": 4, "fields": {"first_name": "Bonnie", "last_name": "Malcolm", "email": "bmalcolm@fwsgroup.com", "inactive": false}}, {"model": "trainerapp.student", "pk": 5, "fields": {"first_name": "Derrick", "last_name": "Enns", "email": "denns@fwsgroup.com", "inactive": false}}, {"model": "trainerapp.student", "pk": 6, "fields": {"first_name": "Donna", "last_name": "McAlpine", "email": "dmcalpine@fwsgroup.com", "inactive": false}}, {"model": "trainerapp.student", "pk": 7, "fields": {"first_name": "Elyse", "last_name": "Lanouette", "email": "elanouette@fwsgroup.com", "inactive": false}}, {"model": "trainerapp.student", "pk": 8, "fields": {"first_name": "Hassan", "last_name": "El Badoui", "email": "hel badoui@fwsgroup.com", "inactive": false}}, {"model": "trainerapp.student", "pk": 9, "fields": {"first_name": "Ian", "last_name": "Dueck", "email": "idueck@fwsgroup.com", "inactive": false}}, {"model": "trainerapp.student", "pk": 10, "fields": {"first_name": "James", "last_name": "Melendez", "email": "jmelendez@fwsgroup.com", "inactive": false}}, {"model": "trainerapp.student", "pk": 11, "fields": {"first_name": "Jamie", "last_name": "Routledge", "email": "jroutledge@fwsgroup.com", "inactive": false}}, {"model": "trainerapp.student", "pk": 12, "fields": {"first_name": "Jeff", "last_name": "Smith", "email": "jsmith@fwsgroup.com", "inactive": false}}, {"model": "trainerapp.student", "pk": 13, "fields": {"first_name": "Jennifer", "last_name": "McMurray", "email": "jmcmurray@fwsgroup.com", "inactive": false}}, {"model": "trainerapp.student", "pk": 14, "fields": {"first_name": "Jennifer", "last_name": "Vo", "email": "jvo@fwsgroup.com", "inactive": false}}, {"model": "trainerapp.student", "pk": 15, "fields": {"first_name": "Jill", "last_name": "Hunt", "email": "jhunt@fwsgroup.com", "inactive": false}}, {"model": "trainerapp.student", "pk": 16, "fields": {"first_name": "Katherine", "last_name": "Katz", "email": "kkatz@fwsgroup.com", "inactive": false}}, {"model": "trainerapp.student", "pk": 17, "fields": {"first_name": "Kelly", "last_name": "Hooper", "email": "khooper@fwsgroup.com", "inactive": false}}, {"model": "trainerapp.student", "pk": 18, "fields": {"first_name": "Kelsey", "last_name": "Hargraves", "email": "khargraves@fwsgroup.com", "inactive": false}}, {"model": "trainerapp.student", "pk": 19, "fields": {"first_name": "Kent", "last_name": "Tolton", "email": "ktolton@fwsgroup.com", "inactive": false}}, {"model": "trainerapp.student", "pk": 20, "fields": {"first_name": "Leah", "last_name": "Oczerklewicz", "email": "loczerklewicz@fwsgroup.com", "inactive": false}}, {"model": "trainerapp.student", "pk": 21, "fields": {"first_name": "Linda", "last_name": "Hamm", "email": "lhamm@fwsgroup.com", "inactive": false}}, {"model": "trainerapp.student", "pk": 22, "fields": {"first_name": "Lisa", "last_name": "Byman", "email": "lbyman@fwsgroup.com", "inactive": false}}, {"model": "trainerapp.student", "pk": 23, "fields": {"first_name": "Lisa", "last_name": "Hughes", "email": "lhughes@fwsgroup.com", "inactive": false}}, {"model": "trainerapp.student", "pk": 24, "fields": {"first_name": "Marion", "last_name": "Sherwood", "email": "msherwood@fwsgroup.com", "inactive": false}}, {"model": "trainerapp.student", "pk": 25, "fields": {"first_name": "Melo", "last_name": "Biscaro", "email": "mbiscaro@fwsgroup.com", "inactive": false}}, {"model": "trainerapp.student", "pk": 26, "fields": {"first_name": "Moe", "last_name": "Elsayd", "email": "melsayd@fwsgroup.com", "inactive": false}}, {"model": "trainerapp.student", "pk": 27, "fields": {"first_name": "Monica", "last_name": "Petrick", "email": "mpetrick@fwsgroup.com", "inactive": false}}, {"model": "trainerapp.student", "pk": 28, "fields": {"first_name": "Paige", "last_name": "Chadsey", "email": "pchadsey@fwsgroup.com", "inactive": false}}, {"model": "trainerapp.student", "pk": 29, "fields": {"first_name": "Rene", "last_name": "de Rocquigny", "email": "rde rocquigny@fwsgroup.com", "inactive": false}}, {"model": "trainerapp.student", "pk": 30, "fields": {"first_name": "Sandy", "last_name": "Fodchuk", "email": "sfodchuk@fwsgroup.com", "inactive": false}}, {"model": "trainerapp.student", "pk": 31, "fields": {"first_name": "Shelagh", "last_name": "Poersch", "email": "spoersch@fwsgroup.com", "inactive": false}}, {"model": "trainerapp.student", "pk": 32, "fields": {"first_name": "Stephanie", "last_name": "Petrick", "email": "spetrick@fwsgroup.com", "inactive": false}}, {"model": "trainerapp.student", "pk": 33, "fields": {"first_name": "Terry", "last_name": "Thorarinson", "email": "tthorarinson@fwsgroup.com", "inactive": false}}, {"model": "admin.logentry", "pk": 1, "fields": {"action_time": "2018-08-12T21:59:14.206Z", "user": 1, "content_type": 8, "object_id": "1", "object_repr": "Excel Essentials", "action_flag": 1, "change_message": "[{\"added\": {}}]"}}, {"model": "admin.logentry", "pk": 2, "fields": {"action_time": "2018-08-12T22:01:02.494Z", "user": 1, "content_type": 8, "object_id": "2", "object_repr": "Excel Lookups", "action_flag": 1, "change_message": "[{\"added\": {}}]"}}, {"model": "admin.logentry", "pk": 3, "fields": {"action_time": "2018-08-12T22:03:41.394Z", "user": 1, "content_type": 8, "object_id": "3", "object_repr": "Excel Pivot Tables", "action_flag": 1, "change_message": "[{\"added\": {}}]"}}]